text,language,old_label,lvl1,lvl2,lvl3,leaf_label,path
"A security check from ""Microsoft"" wanted me to give him the access to my computer to get rid of some malware. The person had a strong Indian/Asian accent, was very forceful and even downright rude trying to press me to follow his instructions. I was supposed to immediately install a remote access in his favour, at which point I sent him to blazes (the scam was at that moment too obvious). Anyone else would have complied as the person was very insistent. Quite a cunning scanner. As mentioned before, Microsoft (or another tech company) would NEVER CALL DIRECTLY ITS CUSTOMER.",en,Fake-Support,Fraud,Fake-Support,Other-Fake-Support,Fraud/Fake-Support/Other-Fake-Support,"['Fraud', 'Fake-Support', 'Other-Fake-Support']"
Call from a French speaking person telling me that my computer was sending her messages.Followed by other calls later on from the Police and from hidden phone number.My phone number : 0799384726 The malicious caller's number:+41 78 729 45 56,en,Fake-Support,Fraud,Fake-Support,Other-Fake-Support,Fraud/Fake-Support/Other-Fake-Support,"['Fraud', 'Fake-Support', 'Other-Fake-Support']"
"Caller said he was from Microsoft, about a problem with my computer. I asked why he thought I was that stupid to believe that crap and he said ""because you are..."", confirming it was a scam.",en,Fake-Support,Fraud,Fake-Support,Other-Fake-Support,Fraud/Fake-Support/Other-Fake-Support,"['Fraud', 'Fake-Support', 'Other-Fake-Support']"
"Fake support calls from the spoofed numbers:
0449400635",en,Fake-Support,Fraud,Fake-Support,Other-Fake-Support,Fraud/Fake-Support/Other-Fake-Support,"['Fraud', 'Fake-Support', 'Other-Fake-Support']"
"Hello, around 15 employees received today around noon a ""fake microsoft support"" call at Groupama, talking in English and telling that they is some vulnerabilities on computer. a few numbers that were displayed: +3225162068, +3244265945,+3230461199",en,Fake-Support,Fraud,Fake-Support,Other-Fake-Support,Fraud/Fake-Support/Other-Fake-Support,"['Fraud', 'Fake-Support', 'Other-Fake-Support']"
"Hello,The scammer used the following number: +353 84 166 13 38Pretending to call from a Microsoft Call center Best regards",en,Fake-Support,Fraud,Fake-Support,Other-Fake-Support,Fraud/Fake-Support/Other-Fake-Support,"['Fraud', 'Fake-Support', 'Other-Fake-Support']"
"Hi,
I guy with an Indian accent called me and he claimed to call from Microsoft. 
He was explaining that they have noticed based on ""computer ID"" or something that my Windows laptop had been hacked and that the hackers had accessed it several times over the past few days. 
I listened for a while, but then I told him that I am a professional and asked him to get another not a scammer job and that scamming people is not nice thing to do. I also told that I will report his call to the authorities (happening now). 

The call was coming from the number +41 79 8744445, but obviously, that is not the correct number. 

It would be interesting to know how much these calls come here in Switzerland and how much the operators and officials can do to stop these.",en,Fake-Support,Fraud,Fake-Support,Other-Fake-Support,Fraud/Fake-Support/Other-Fake-Support,"['Fraud', 'Fake-Support', 'Other-Fake-Support']"
"I got a call from +41 78 933 96 98 offering me support for my Windows computer, according to the caller my windows got hacked - I don’t use windows",en,Fake-Support,Fraud,Fake-Support,Other-Fake-Support,Fraud/Fake-Support/Other-Fake-Support,"['Fraud', 'Fake-Support', 'Other-Fake-Support']"
I got a call from a woman saying that my computer had been hacked and it was sending out warning signals. They said that they would help me step by step to stop my computer from sending out these warning messages. The number that called me was 0792102053,en,Fake-Support,Fraud,Fake-Support,Other-Fake-Support,Fraud/Fake-Support/Other-Fake-Support,"['Fraud', 'Fake-Support', 'Other-Fake-Support']"
"I received a call today from +44.1268.709.559 (my phone identified the call as originating from ""Basildon, England, United Kingdom."") The caller explained he was from ""Windows Security Division"" and that there had been a lot of bad traffic originating from my computer (which is an iMac by the way). I told him I was going to report the number to the Swiss government, which I am doing now. As soon as I hung up I got another call, this time from Italy, from +39.346.249.8227. I assumed this was the same character, just changing his dialling info, so I did not answer the phone. I have since blocked both numbers on my device. Thank you -- John Smith",en,Fake-Support,Fraud,Fake-Support,Other-Fake-Support,Fraud/Fake-Support/Other-Fake-Support,"['Fraud', 'Fake-Support', 'Other-Fake-Support']"
I received a phone call at 19.31 on Thursday 16th August from +41 44 824 7111.  The caller claimed to be calling from Swisscom and that they have complaints from the banks about spam emails coming from my ip address.  They wanted to arrange an appointment tomorrow to help diagnose the issue on my computer.  I thanked them and said I would run my own scans and contact swisscom myself.,en,Fake-Support,Fraud,Fake-Support,Other-Fake-Support,Fraud/Fake-Support/Other-Fake-Support,"['Fraud', 'Fake-Support', 'Other-Fake-Support']"
"I was browsing the internet when a pop-up appeared saying my computer was infected and I had to call Microsoft immediately at 0800 123 456. I called and a man with a foreign accent asked me to install a remote access tool called AnyDesk. He then showed me my ""infected"" system files and asked for 250 CHF to clean the computer. I paid by credit card before realizing it was a scam.",en,Fake-Support,Fraud,Fake-Support,Popup,Fraud/Fake-Support/Popup,"['Fraud', 'Fake-Support', 'Popup']"
I was called through a Milan phone number (+39 02 3952 9067) claiming to be from Microsoft and claiming someone has keylogged my computer. I disconnected the call after they tried to get my to open anydesk to enable them to hack my computer,en,Fake-Support,Fraud,Fake-Support,Other-Fake-Support,Fraud/Fake-Support/Other-Fake-Support,"['Fraud', 'Fake-Support', 'Other-Fake-Support']"
"Microsoft scam caller, trying to gain access to my laptop. Very aggressive and with ‘Indian’ accent. Had details of my name and MS license..",en,Fake-Support,Fraud,Fake-Support,Other-Fake-Support,Fraud/Fake-Support/Other-Fake-Support,"['Fraud', 'Fake-Support', 'Other-Fake-Support']"
My elderly mother received a phone call from someone claiming to be from Swisscom technical support. They told her that her internet connection had been used for illegal activities and that she needed to pay 500 CHF in Neosurf vouchers to avoid prosecution. She bought the vouchers and gave them the codes before my brother intervened. The caller had a Swiss-German accent and knew her first name.,en,Fake-Support,Fraud,Fake-Support,Other-Fake-Support,Fraud/Fake-Support/Other-Fake-Support,"['Fraud', 'Fake-Support', 'Other-Fake-Support']"
"Received two phone calls from below numbers claiming to be Microsoft employees:
+33696440941
+41795410863",en,Fake-Support,Fraud,Fake-Support,Other-Fake-Support,Fraud/Fake-Support/Other-Fake-Support,"['Fraud', 'Fake-Support', 'Other-Fake-Support']"
"Scammers using a VOiP Nummber calling from India with an Italian nummber, claiming that they are Microsoft. Tried to get an Remote Accsess to my Computer. Called 2 times, every time with an Different nummbers and they deactivated the nummber imidiatley after the call.",en,Fake-Support,Fraud,Fake-Support,Other-Fake-Support,Fraud/Fake-Support/Other-Fake-Support,"['Fraud', 'Fake-Support', 'Other-Fake-Support']"
"The caller identified himself as a Microsoft Support representative. He spoke in English and it was obvious that he was Indian because of his accent. Call occurred on August 26, 2024 09:02 local time.",en,Fake-Support,Fraud,Fake-Support,Other-Fake-Support,Fraud/Fake-Support/Other-Fake-Support,"['Fraud', 'Fake-Support', 'Other-Fake-Support']"
"The website prompted the user to call this number: 0445860339 According to the website, it's the number of the Swiss Microsoft Support. The website displays a message that says: 
Starten sie Ihre PC nicht neu. Der Computer is deaktiviert. Bitte rufen sie den Support an. 
The website also automatically sets the browser into full screen, and displays multiple fake Window's popups warning about spyware.",en,Fake-Support,Fraud,Fake-Support,Popup,Fraud/Fake-Support/Popup,"['Fraud', 'Fake-Support', 'Popup']"
"call from +41 78 917 99 00
said they were from Microsoft and that my PC downloads keyloggers. when asked for more details they ended the call. however, they knew my name.",en,Fake-Support,Fraud,Fake-Support,Other-Fake-Support,Fraud/Fake-Support/Other-Fake-Support,"['Fraud', 'Fake-Support', 'Other-Fake-Support']"
"-----Ursprüngliche Nachricht-----
Von: dcu822qj <ebert.felipa@backups.vrbmarketing.com> 
Gesendet: Dienstag, 15. Juni 2021 18:49
An: Silvia schumacher <schumacher@rph.ch>
Betreff: Re: Important information about your account: schumacher@rph.ch

Good afternoon! 

You can examine a complete list of the needed documents here as one document: 


jamestown.psychwebmd.com/prof--avery-hegmann/hilty-78.zip

Hello! This is important information for you! Some months ago I hacked your OS and got full access to your account bsb@lds.net.ua On day of hack your account schumacher@rph.ch has password: reu2283 So, you can change the password, yes.. Or already changed... But my malware intercepts it every time. How I made it: In the software of the router, through which you went online, was a vulnerability. I used it... If you interested you can read about it: CVE-2019-1663 - a vulnerability in the web-based management interface of the Cisco routers. I just hacked this router and placed my malicious code on it. When you went online, my trojan was installed on the OS of your device. After that, I made a full backup of your disk (I have all your address book, history of viewing sites, all files, phone numbers and addresses of all your contacts). A month ago, I wanted to lock your device and ask for a not big amount of btc to unlock. But I looked at the sites that you regularly visit, and I was shocked by what I saw!!! I'm talk you about sites for adults. I want to say - you are a BIG pervert. Your fantasy is shifted far away from the normal course! And I got an idea.... I made a screenshot of the adult sites where you have fun (do you understand what it is about, huh?). After that, I made a screenshot of your joys (using the camera of your device) and glued them together. Turned out amazing! You are so spectacular! I'm know that you would not like to show these screenshots to your friends, relatives or colleagues. I think $763 is a very, very small amount for my silence. Besides, I have been spying on you for so long, having spent a lot of time! Pay ONLY in Bitcoins! My BTC wallet: 1MJne4rgeirTYxCwC81nJHPqox7DSsCMoe You do not know how to use bitcoins? Enter a query in any search engine: ""how to replenish btc wallet"". It's extremely easy For this payment I give you two days (48 hours). As soon as this letter is opened, the timer will work. After payment, my virus and dirty screenshots with your enjoys will be self-destruct automatically. If I do not receive from you the specified amount, then your device will be locked, and all your contacts will receive a screenshots with your ""enjoys"". I hope you understand your situation. - Do not try to find and destroy my virus! (All your data, files and screenshots is already uploaded to a remote server) - Do not try to contact me (you yourself will see that this is impossible, the sender address is automatically generated) - Various security services will not help you; formatting a disk or destroying a device will not help, since your data is already on a remote server. P.S. You are not my single victim. so, I guarantee you that I will not disturb you again after payment! This is the word of honor hacker I also ask you to regularly update your antiviruses in the future. This way you will no longer fall into a similar situation. Do not hold evil! I just good do my job. Good luck.",en,Fake-sextortion,Fraud,Fake-Sextortion,With-Password,Fraud/Fake-Sextortion/With-Password,"['Fraud', 'Fake-Sextortion', 'With-Password']"
"Dear Sir or Madam,

Please find attached a form of unsolicited cyber-attack, that shows falsely self-sent and received email from and to me through my e-mail account. I would kindly ask you to log these cyber-attacks. Thank you in advance for sincere understanding.

With kind regards, Mit freundlichem Gruß,

Edourd Hasac
+41782324587",en,Fake-sextortion,Fraud,Fake-Sextortion,Other-Fake-Sextortion,Fraud/Fake-Sextortion/Other-Fake-Sextortion,"['Fraud', 'Fake-Sextortion', 'Other-Fake-Sextortion']"
"Do I need to be worried when I receive e-mails that supposedly were sent from my own e-mail account like this?

Thank you.

Kind regards
Claudia Waser

Sent from my iPhone

Begin forwarded message:

From: Claudia Waser
Date: 1 August 2024 at 4:19:09 PM GMT+2
To: reports@antiphishing.ch
Subject: Fwd: Your personal data has leaked due to suspected harmful activities.

﻿ Anbei eine Phishing E-Mail.

Vielen Dank.

Freundliche Grüsse
Claudia Waser

Sent from my iPhone

Begin forwarded message:

From: Claudia.Waser@hotmail.com
Date: 31 July 2024 at 6:03:17 AM GMT+2
To: Claudia.Waser@hotmail.com
Subject: Your personal data has leaked due to suspected harmful activities.

﻿
Hi,

I am a hacker, and I have successfully gained access to your operating system.
I also have full access to your account.

I've been watching you for a few months now.

The fact is that your computer has been infected with malware through an adult site that you visited.
If you are not familiar with this, I will explain.
Trojan Virus gives me full access and control over a computer or other device.
This means that I can see everything on your screen, turn on the camera and microphone, but you do not know about it.
I also have access to all your contacts and all your correspondence.

Why did your antivirus not detect malware?
Answer: The malware I used is driver-based, I update its signatures every 4 hours. Hence your antivirus is unable to detect its presence.
I made a video showing how you satisfy yourself in the left half of the screen, and the right half shows the video you were watching at the time.

With one mouse click, I can send this video to all your emails and contacts on your social networks.
I can also make public all your e-mail correspondence and chat history on the messengers that you use.

If you don't want this to happen, transfer $1190 in Bitcoin equivalent to my Bitcoin address (if you do not know how to do this, just search ""buy bitcoin"" on Google).

My Bitcoin address (BTC Wallet) is: 1B6Jd9XCedy4zE8PFZRfnpuK4yHYk5Xke1

After confirming your payment, I will delete the video immediately, and that's it. You will never hear from me again.
I will give you 50 hours (more than 2 days) to pay. I will get a notice, when you open this email, and the timer will start.
Filing a complaint somewhere does not make sense because this email cannot be tracked like my Bitcoin address.

I never make any mistakes.
If I find that you have shared this message with someone else, the video will be immediately distributed.

Best regards!",en,Fake-sextortion,Fraud,Fake-Sextortion,Other-Fake-Sextortion,Fraud/Fake-Sextortion/Other-Fake-Sextortion,"['Fraud', 'Fake-Sextortion', 'Other-Fake-Sextortion']"
Email claiming they accesed my camera and contacts. Blackmailing me with “recordings” of me and my home that will allegedly be sent to all my contacts,en,Fake-sextortion,Fraud,Fake-Sextortion,Other-Fake-Sextortion,Fraud/Fake-Sextortion/Other-Fake-Sextortion,"['Fraud', 'Fake-Sextortion', 'Other-Fake-Sextortion']"
"Email- send6581@neo.com
Caption- I have hacked you

Hello pervert, I've sent this message from your iCloud mаil.
 
I want to inform you about a very bad situation for you. However, you can benefit from it, if you will act wisеly.
 
Have you heard of Pegasus? This is a spyware program that installs on computers and smartphones and allows hackers to monitor the activity of device owners. It provides access to your webcam, messengers, emails, call records, etc. It works well on Android, iOS, and Windows. I guess, you already figured out where I’m getting at.
 
It’s been a few months since I installed it on all your dеviсеs because you were not quite choosy about what links to click on the intеrnеt. During this period, I’ve learned about all aspects of your private life, but оnе is of special significance to me.
 
I’ve recorded many videos of you jerking off to highly controversial роrn videos. Given that the “questionable” genre is almost always the same, I can conclude that you have sick реrvеrsiоn.

I doubt you’d want your friends, family and co-workers to know about it. However, I can do it in a few clicks.
 
Every number in your contact Iist will suddenly receive these vidеоs – on WhatsApp, on Telegram, on Instagram, on Facebook, on email – everywhere. It is going to be a tsunami that will sweep away everything in its path, and first of all, your fоrmеr life.

Don’t think of yourself as an innocent victim. No one knows where your реrvеrsiоn might lead in the future, so consider this a kind of deserved рunishmеnt to stop you.
 
I’m some kind of God who sees everything. However, don’t panic. As we know, God is merciful and forgiving,  and so do I. But my mеrсy is not free.
 
Transfer 1150 USD to my Litecoin (LTC) wallet: ltc1q3yylxns8mpemu56x52r9djzhy5laxkylzx93xk
 
Once I receive confirmation of the transaction, I will реrmanently delete all videos compromising you, uninstаll Pegasus from all of your devices, and disappear from your life. You can be sure – my benefit is only money. Otherwise, I wouldn’t be writing to you, but destroy your life without a word in a second.
 
I’ll be notified when you open my email, and from that moment you have exactly 48 hours to send the money. If cryptocurrencies are unchartered waters for you, don’t worry, it’s very simple. Just google “crypto exchange” or ""buy Litecoin"" and then it will be no harder than buying some useless stuff on Amazon.
 
I strongly warn you against the following:
* Do not reply to this email. I've sent it from your iCloud mail.
* Do not contact the police. I have access to all your dеviсеs, and as soon as I find out you ran to the cops, videos will be published.
* Don’t try to reset or destroy your dеviсеs. As I mentioned above: I’m monitoring all your activity, so you either agree to my terms or the vidеоs are рublished.
 
Also, don’t forget that cryptocurrencies are anonymous, so it’s impossible to identify me using the provided аddrеss.
 
Good luck, my perverted friend. I hope this is the last time we hear from each other.
And some friendly advice: from now on, don’t be so careless about your online security.",en,Fake-sextortion,Fraud,Fake-Sextortion,Other-Fake-Sextortion,Fraud/Fake-Sextortion/Other-Fake-Sextortion,"['Fraud', 'Fake-Sextortion', 'Other-Fake-Sextortion']"
"Greetings, This is Aylin Gökhan Kılıçcı from Turkey. I am receiving blackmail emails from your country through an email address created by my name and when I check the IP it shows your country which is 185.70.40.132 To sum up the situation: Someone created this e-mail with my name and surname ( yaseAylinGökhanKılıçcıminguntan@protonmail.com) for blackmailing me by using my ""naked"" photos created by AI, deepfake, and they are asking payment from me. Otherwise, they are threatening me to sending these photos to all of my contacts, my social media. If required i can forward you these emails for your reference. I attached the screenshots of emails. Kindly ask your cooperation for blocking this. This is harassment, abuse and i, as a 27 years old and married woman, being threatened by someone who seems to be located in your country. I am devastated by these threats and this is my life the point of topic. I know that i won't be able to find the real IP or sender, I just ask you to do what you can do to stop this, end this. According to their threats, i have less than 24 hours. Please, i am really helpless right now. Thank you for your time and help in advance.",en,Fake-sextortion,Fraud,Fake-Sextortion,Other-Fake-Sextortion,Fraud/Fake-Sextortion/Other-Fake-Sextortion,"['Fraud', 'Fake-Sextortion', 'Other-Fake-Sextortion']"
"Hello pervert, I've sent this message from your Microsoft account.
 
I want to inform you about a very bad situation for you. However, you can benefit from it, if you will act wisеly.
 
Have you heard of Pegasus? This is a spyware program that installs on computers and smartphones and allows hackers to monitor the activity of device owners. It provides access to your webcam, messengers, emails, call records, etc. It works well on Android, iOS, and Windows. I guess, you already figured out where I’m getting at.
 
It’s been a few months since I installed it on all your dеviсеs because you were not quite choosy about what links to click on the intеrnеt. During this period, I’ve learned about all aspects of your private life, but оnе is of special significance to me.
 
I’ve recorded many videos of you jerking off to highly controversial роrn videos. Given that the “questionable” genre is almost always the same, I can conclude that you have sick реrvеrsiоn.

I doubt you’d want your friends, family and co-workers to know about it. However, I can do it in a few clicks.
 
Every number in your contact Iist will suddenly receive these vidеоs – on WhatsApp, on Telegram, on Instagram, on Facebook, on email – everywhere. It is going to be a tsunami that will sweep away everything in its path, and first of all, your fоrmеr life.

Don’t think of yourself as an innocent victim. No one knows where your реrvеrsiоn might lead in the future, so consider this a kind of deserved рunishmеnt to stop you.
 
I’m some kind of God who sees everything. However, don’t panic. As we know, God is merciful and forgiving,  and so do I. But my mеrсy is not free.
 
Transfer 1350$ to my Litecoin (LTC) wallet: ltc1q6jpgldnynn523yf4j9x6jc8hdevl57yks0arle
 
Once I receive confirmation of the transaction, I will реrmanently delete all videos compromising you, uninstаll Pegasus from all of your devices, and disappear from your life. You can be sure – my benefit is only money. Otherwise, I wouldn’t be writing to you, but destroy your life without a word in a second.
 
I’ll be notified when you open my email, and from that moment you have exactly 48 hours to send the money. If cryptocurrencies are unchartered waters for you, don’t worry, it’s very simple. Just google “crypto exchange” or ""buy Litecoin"" and then it will be no harder than buying some useless stuff on Amazon.
 
I strongly warn you against the following:
* Do not reply to this email. I've sent it from your Microsoft account.
* Do not contact the police. I have access to all your dеviсеs, and as soon as I find out you ran to the cops, videos will be published.
* Don’t try to reset or destroy your dеviсеs. As I mentioned above: I’m monitoring all your activity, so you either agree to my terms or the vidеоs are рublished.
 
Also, don’t forget that cryptocurrencies are anonymous, so it’s impossible to identify me using the provided аddrеss.
 
Good luck, my perverted friend. I hope this is the last time we hear from each other.
And some friendly advice: from now on, don’t be so careless about your online security.",en,Fake-sextortion,Fraud,Fake-Sextortion,Other-Fake-Sextortion,Fraud/Fake-Sextortion/Other-Fake-Sextortion,"['Fraud', 'Fake-Sextortion', 'Other-Fake-Sextortion']"
"Hello pervert, I've sent this message from your iCloud mаil.
 
I want to inform you about a very bad situation for you. However, you can benefit from it, if you will act wisеly.
 
Have you heard of Pegasus? This is a spyware program that installs on computers and smartphones and allows hackers to monitor the activity of device owners. It provides access to your webcam, messengers, emails, call records, etc. It works well on Android, iOS, and Windows. I guess, you already figured out where I’m getting at.
 
It’s been a few months since I installed it on all your dеviсеs because you were not quite choosy about what links to click on the intеrnеt. During this period, I’ve learned about all aspects of your private life, but оnе is of special significance to me.
 
I’ve recorded many videos of you jerking off to highly controversial роrn videos. Given that the “questionable” genre is almost always the same, I can conclude that you have sick реrvеrsiоn.

I doubt you’d want your friends, family and co-workers to know about it. However, I can do it in a few clicks.
 
Every number in your contact Iist will suddenly receive these vidеоs – on WhatsApp, on Telegram, on Instagram, on Facebook, on email – everywhere. It is going to be a tsunami that will sweep away everything in its path, and first of all, your fоrmеr life.

Don’t think of yourself as an innocent victim. No one knows where your реrvеrsiоn might lead in the future, so consider this a kind of deserved рunishmеnt to stop you.
 
I’m some kind of God who sees everything. However, don’t panic. As we know, God is merciful and forgiving,  and so do I. But my mеrсy is not free.
 
Transfer 1250$ to my Litecoin (LTC) wallet: ltc1qt8svnpmr3ut0kenxx2h3acsg854ttle0789qku
 
Once I receive confirmation of the transaction, I will реrmanently delete all videos compromising you, uninstаll Pegasus from all of your devices, and disappear from your life. You can be sure – my benefit is only money. Otherwise, I wouldn’t be writing to you, but destroy your life without a word in a second.
 
I’ll be notified when you open my email, and from that moment you have exactly 48 hours to send the money. If cryptocurrencies are unchartered waters for you, don’t worry, it’s very simple. Just google “crypto exchange” or ""buy Litecoin"" and then it will be no harder than buying some useless stuff on Amazon.
 
I strongly warn you against the following:
* Do not reply to this email. I've sent it from your iCloud mаil.
* Do not contact the police. I have access to all your dеviсеs, and as soon as I find out you ran to the cops, videos will be published.
* Don’t try to reset or destroy your dеviсеs. As I mentioned above: I’m monitoring all your activity, so you either agree to my terms or the vidеоs are рublished.
 
Also, don’t forget that cryptocurrencies are anonymous, so it’s impossible to identify me using the provided аddrеss.
 
Good luck, my perverted friend. I hope this is the last time we hear from each other.
And some friendly advice: from now on, don’t be so careless about your online security.",en,Fake-sextortion,Fraud,Fake-Sextortion,Other-Fake-Sextortion,Fraud/Fake-Sextortion/Other-Fake-Sextortion,"['Fraud', 'Fake-Sextortion', 'Other-Fake-Sextortion']"
"Hello, 

I've received again an email with the same content as last week. This time it came from a different email address and it has a PDF attachment which I didn't open. In the email message it writes my name, full home addrress and telephone number. I have blocked the sender, but it seems they will keep sending me emails. How many more should I expect?",en,Fake-sextortion,Fraud,Fake-Sextortion,Other-Fake-Sextortion,Fraud/Fake-Sextortion/Other-Fake-Sextortion,"['Fraud', 'Fake-Sextortion', 'Other-Fake-Sextortion']"
"Hello, 
My mother’s email is hacked and they are blackmailing her into sending a big amount of money for nothing to happen. This email is the main email she has for banks, social media, work, my school, etc.
here is proof of the email",en,Fake-sextortion,Fraud,Fake-Sextortion,Other-Fake-Sextortion,Fraud/Fake-Sextortion/Other-Fake-Sextortion,"['Fraud', 'Fake-Sextortion', 'Other-Fake-Sextortion']"
"Hi, I'm reporting this sextortion email that went to my junk because of the following IPN based in Switzerland: 194.26.227.136 This is the following failure code that comes with the email: Authentication-Results: spf=fail (sender IP is 194.26.136.227) smtp.mailfrom=hotmail.com; dkim=none (message not signed) header.d=none;dmarc=fail action=none header.from=hotmail.com; Received-SPF: Fail (protection.outlook.com: domain of hotmail.com does not designate 194.26.136.227 as permitted sender) receiver=protection.outlook.com; client-ip=194.26.136.227; helo=nefreightwaysx.com; ________________________________ From: wwwchris@gmail.com > Sent: February 23, 2025 6:00 AM To: wwwchris@gmail.com > Subject: I am watching you! (wwwchris@gmail.com) Hello pervert, I've sent this messаge from your Microsoft аccount. I wаnt to inform you аbout а very bаd situаtion for you. However, you cаn benefit from it, if you will аct wisеly. Hаve you heаrd of Pegаsus? This is а spywаre progrаm thаt instаlls on computers аnd smаrtphones аnd аllows hаckers to monitor the аctivity of device owners. It provides аccess to your webcаm, messengers, emаils, cаll records, etc. It works well on Android, iOS, mаcOS аnd Windows. I guess, you аlreаdy figured out where I’m getting аt. It’s been а few months since I instаlled it on аll your dеviсеs becаuse you were not quite choosy аbout whаt links to click on the intеrnеt. During this period, I’ve leаrned аbout аll аspects of your privаte life, but оnе is of speciаl significаnce to me. I’ve recorded mаny videos of you jerking off to highly controversiаl роrn videos. Given thаt the “questionаble” genre is аlmost аlwаys the sаme, I cаn conclude thаt you hаve sick реrvеrsiоn. I doubt you’d wаnt your friends, fаmily аnd co-workers to know аbout it. However, I cаn do it in а few clicks. Every number in your contаct Iist will suddenly receive these vidеоs – on WhаtsApp, on Telegrаm, on Instаgrаm, on Fаcebook, on emаil – everywhere. It is going to be а tsunаmi thаt will sweep аwаy everything in its pаth, аnd first of аll, your fоrmеr life. Don’t think of yourself аs аn innocent victim. No one knows where your реrvеrsiоn might leаd in the future, so consider this а kind of deserved рunishmеnt to stop you. I’m some kind of God who sees everything. However, don’t pаnic. As we know, God is merciful аnd forgiving, аnd so do I. But my mеrсy is not free. Trаnsfer 1300$ to my Litecoin (LTC) wаllet: ltc1qrx3lnvlpshj0ld0h3l4zt562rgvfsm2x2x8lsf Once I receive confirmаtion of the trаnsаction, I will реrmаnently delete аll videos compromising you, uninstаll Pegаsus from аll of your devices, аnd disаppeаr from your life. You cаn be sure – my benefit is only money. Otherwise, I wouldn’t be writing to you, but destroy your life without а word in а second. I’ll be notified when you open my emаil, аnd from thаt moment you hаve exаctly 48 hours to send the money. If cryptocurrencies аre unchаrtered wаters for you, don’t worry, it’s very simple. Just google ""crypto exchange"" or ""buy Litecoin"" аnd then it will be no hаrder thаn buying some useless stuff on Amаzon. I strongly wаrn you аgаinst the following: * Do not reply to this emаil. I've sent it from your Microsoft аccount. * Do not contаct the police. I hаve аccess to аll your dеviсеs, аnd аs soon аs I find out you rаn to the cops, videos will be published. * Don’t try to reset or destroy your dеviсеs. As I mentioned аbove: I’m monitoring аll your аctivity, so you either аgree to my terms or the vidеоs аre рublished. Also, don’t forget thаt cryptocurrencies аre аnonymous, so it’s impossible to identify me using the provided аddrеss. Good luck, my perverted friend. I hope this is the lаst time we heаr from eаch other. And some friendly аdvice: from now on, don’t be so cаreless аbout your online security.",en,Fake-sextortion,Fraud,Fake-Sextortion,Other-Fake-Sextortion,Fraud/Fake-Sextortion/Other-Fake-Sextortion,"['Fraud', 'Fake-Sextortion', 'Other-Fake-Sextortion']"
"Hi, my prey.This is my last warning.

I write you since I attached a tr ojan on the web site with porno which you have viewed. My troj an captured all your private data and switched on your camera which recorded the act of your solitary s ex. Just after that the t rojan saved your contact list. I will erase the compromising video records and info if you transfer $750 in bi tcoin.

This is address for payment: bc1q75p32fvf603grheeeawdl3skz2m6lhpfz9xk3r

I give you 24 hours after you open my message for making the payment. As soon as you read the message I'll see it right away. It is not necessary to tell me that you have sent money to me. This address is connected to you, my system will erased automatically after transfer confirmation.

If you need 42h just Open the calculator and type +,+

If you don't pay, I'll send dirt to all your contacts. Let me remind you - I see what you're doing. If you try to decieve me, I'll know it immediately. I don't live in your country. Bye. Don't forget about the shame and to ignore, your life can be ruined.",en,Fake-sextortion,Fraud,Fake-Sextortion,Other-Fake-Sextortion,Fraud/Fake-Sextortion/Other-Fake-Sextortion,"['Fraud', 'Fake-Sextortion', 'Other-Fake-Sextortion']"
"I had already changed password etc and it was v upsetting. Email described disgusting images. Strong words and threatening behaviour.
Laptop camera is always switched off.",en,Fake-sextortion,Fraud,Fake-Sextortion,With-Password,Fraud/Fake-Sextortion/With-Password,"['Fraud', 'Fake-Sextortion', 'With-Password']"
I received an email demanding payment for their silence as they claim they have infiltrated my computer and know what I do. This is a lie because the claims are unfounded.,en,Fake-sextortion,Fraud,Fake-Sextortion,Other-Fake-Sextortion,Fraud/Fake-Sextortion/Other-Fake-Sextortion,"['Fraud', 'Fake-Sextortion', 'Other-Fake-Sextortion']"
"Thank you for looking into this. The problem I see here is the person sent the message from my own account.
Thank you for providing the help needed
Marcel",en,Fake-sextortion,Fraud,Fake-Sextortion,Other-Fake-Sextortion,Fraud/Fake-Sextortion/Other-Fake-Sextortion,"['Fraud', 'Fake-Sextortion', 'Other-Fake-Sextortion']"
"The only ""ID"" of the scammer I have is their Bitcoin account (mail claims to come from my own address)
1DwPNjUKiUi9HZNC3xAeKgfYX1D3ks1Gjt

Would it be helpful if I forward the scam mail to an address of yours?",en,Fake-sextortion,Fraud,Fake-Sextortion,Other-Fake-Sextortion,Fraud/Fake-Sextortion/Other-Fake-Sextortion,"['Fraud', 'Fake-Sextortion', 'Other-Fake-Sextortion']"
The „Scammer“ is trying to press money from me. the Scammer said they have haked my Devices and installed A Spyware named Pegasus,en,Fake-sextortion,Fraud,Fake-Sextortion,Other-Fake-Sextortion,Fraud/Fake-Sextortion/Other-Fake-Sextortion,"['Fraud', 'Fake-Sextortion', 'Other-Fake-Sextortion']"
"To whom it may concern: I just received the below threat. I do not know if you can do something about this, but hope you can. Best regards, Paul Marcel Begin forwarded message: From: ""marcelpaul@gmail.com"" Subject: I have proof Date: 31 March 2025 at 11:13:39 GMT+2 To: Hello pervert, I've sent this messаge from your Microsoft аccount. I wаnt to inform you аbout а very bаd situаtion for you. However, you cаn benefit from it, if you will аct wisеly. Hаve you heаrd of Pegаsus? This is а spywаre progrаm thаt instаlls on computers аnd smаrtphones аnd аllows hаckers to monitor the аctivity of device owners. It provides аccess to your webcаm, messengers, emаils, cаll records, etc. It works well on Android, iOS, mаcOS аnd Windows. I guess, you аlreаdy figured out where I’m getting аt. It’s been а few months since I instаlled it on аll your dеviсеs becаuse you were not quite choosy аbout whаt links to click on the intеrnеt. During this period, I’ve leаrned аbout аll аspects of your privаte life, but оnе is of speciаl significаnce to me. I’ve recorded mаny videos of you jerking off to highly controversiаl роrn videos. Given thаt the “questionаble” genre is аlmost аlwаys the sаme, I cаn conclude thаt you hаve sick реrvеrsiоn. I doubt you’d wаnt your friends, fаmily аnd co-workers to know аbout it. However, I cаn do it in а few clicks. Every number in your contаct Iist will suddenly receive these vidеоs – on WhаtsApp, on Telegrаm, on Instаgrаm, on Fаcebook, on emаil – everywhere. It is going to be а tsunаmi thаt will sweep аwаy everything in its pаth, аnd first of аll, your fоrmеr life. Don’t think of yourself аs аn innocent victim. No one knows where your реrvеrsiоn might leаd in the future, so consider this а kind of deserved рunishmеnt to stop you. I’m some kind of God who sees everything. However, don’t pаnic. As we know, God is merciful аnd forgiving, аnd so do I. But my mеrсy is not free. Trаnsfer 1600$ to my Litecoin (LTC) wаllet: ltc1qcyws5asu0w6ed0ysc57vm2ls7h905dus6elzz0 Once I receive confirmаtion of the trаnsаction, I will реrmаnently delete аll videos compromising you, uninstаll Pegаsus from аll of your devices, аnd disаppeаr from your life. You cаn be sure – my benefit is only money. Otherwise, I wouldn’t be writing to you, but destroy your life without а word in а second. I’ll be notified when you open my emаil, аnd from thаt moment you hаve exаctly 48 hours to send the money. If cryptocurrencies аre unchаrtered wаters for you, don’t worry, it’s very simple. Just google ""crypto exchange"" or ""buy Litecoin"" аnd then it will be no hаrder thаn buying some useless stuff on Amаzon. I strongly wаrn you аgаinst the following: * Do not reply to this emаil. I've sent it from your Microsoft аccount. * Do not contаct the police. I hаve аccess to аll your dеviсеs, аnd аs soon аs I find out you rаn to the cops, videos will be published. * Don’t try to reset or destroy your dеviсеs. As I mentioned аbove: I’m monitoring аll your аctivity, so you either аgree to my terms or the vidеоs аre рublished. Also, don’t forget thаt cryptocurrencies аre аnonymous, so it’s impossible to identify me using the provided аddrеss. Good luck, my perverted friend. I hope this is the lаst time we heаr from eаch other. And some friendly аdvice: from now on, don’t be so cаreless аbout your online security.",en,Fake-sextortion,Fraud,Fake-Sextortion,Other-Fake-Sextortion,Fraud/Fake-Sextortion/Other-Fake-Sextortion,"['Fraud', 'Fake-Sextortion', 'Other-Fake-Sextortion']"
"somebody claims that he installed Pegasus spy ware on my computers and smartphones and recorded some compromising videos which may be available to my all contacts on WhatsApp, Telegram, email etc.. if I do not transfer money to a Litecoin account within 48 hours.",en,Fake-sextortion,Fraud,Fake-Sextortion,Other-Fake-Sextortion,Fraud/Fake-Sextortion/Other-Fake-Sextortion,"['Fraud', 'Fake-Sextortion', 'Other-Fake-Sextortion']"
someone sent me an email saying they installed a malware and will share porn videos. In the email they shared my email / my phone number and an address where I lived 5 years ago. The only thing I am a bit worried is that I have a lot of pictures of my 8 months old daughter on the phone.,en,Fake-sextortion,Fraud,Fake-Sextortion,Other-Fake-Sextortion,Fraud/Fake-Sextortion/Other-Fake-Sextortion,"['Fraud', 'Fake-Sextortion', 'Other-Fake-Sextortion']"
"Dear Sir/ Madam,

I would like to report an investment online fraud in the area of
cryptocurrencies. The point of contact was a German number, which I can
provide to you upon request.

Let me know what the next steps are in order to report such an incident and
I will get back to you as soon as possible.

Thank you very much for your cooperation.

Kind regards,",en,Investment-fraud,Fraud,Investment-Fraud,Other-Investment-Fraud,Fraud/Investment-Fraud/Other-Investment-Fraud,"['Fraud', 'Investment-Fraud', 'Other-Investment-Fraud']"
"Dear Sir/Madam,    

With due respect I have invested in a Final Frontier Specialist Blockchain and Crypto Assets Investment Firm located in Dammstrasse 16 6300 Zug Switzerland. I have invested
for trading purpose. Now when I submit a request of withdrawal, they are asking to invest more crypto asset to proceed with the withdrawal process. I kindly request your esteemed organization to look into this matter as they have no right to block my crypto asset for reference I am providing
the website link. 

I am very thankful to you for your help in this regard 

Link: https://web.finalfrontierinvest.top/#/ 

Regards Mousstaff Khaled

Country: Pakistan",en,Investment-fraud,Fraud,Investment-Fraud,Other-Investment-Fraud,Fraud/Investment-Fraud/Other-Investment-Fraud,"['Fraud', 'Investment-Fraud', 'Other-Investment-Fraud']"
"Dear representatives,
My name is Michel Tocri.

On April 4, 2019, I made an account on a ‘crypto trade’ site: krakentokens.com/mobile/#/, following a link, sent on Telegram by Ander +447360253780, someone I don’t know in real life, who I got in touch with on Bumble.

On April 6th in the morning I realized the site was spam because the money I had tried to return to my Binance account on 15 April in the evening, as Ander taught me, hadn’t yet arrived in my account.

To register on this site, I used one of my e-mail addresses MichelTocri@gmail.com and for identification, I sent my Romanian passport photo and my Swiss driving license photo. I could not delete the account after I realized it was spam and at the moment I cannot access that account anymore with the login data I have.

I cancelled both my passport and my driving license on 9 June 2019 but I was wondering if you could tell me if there is anything else I should do to prevent my identity from being used for further possible crime, such as money laundering, especially as if they google my name they can easily find out exactly where I work and they might also have my phone number from Telegram. For example, is there something similar to CIFAS (UK) in Switzerland, where I could apply for protective registration?
I would also like to declare that I have only one bank account (Postfinance) and one credit Card (Cembra), as well as a Revolut account, where I send money using my Cembra card. I have no other accounts and no credits in Switzerland and abroad, I haven’t opened any since 4 March and I am not going to open any in the future.
I deleted the chat with Ander on both sides after taking some photos of the conversation and blocked him. On Tuesday he tried to contact me using a Chinese name (@guozi1998). Another girl I don’t know, called Evelyn (@Evelyn811), tried to contact me on Wednesday, because of the same reason I suppose, when the man saw that he couldn’t get in contact with me anymore. From the photo, she also looks Chinese and I suppose they both might be part of a larger network.
I would appreciate receiving a confirmation of receipt of this report at michitoc@gmail.com and saliva.saliva@bluewin.ch. I am willing to give further details and share photos related to the incident if this could be helpful in other similar situations as well. However, I would like my identity to be protected from public displays such as the news, for example.

Thank you very much for your assistance.
Kind regards,
Michel Tocri",en,Investment-fraud,Fraud,Investment-Fraud,Other-Investment-Fraud,Fraud/Investment-Fraud/Other-Investment-Fraud,"['Fraud', 'Investment-Fraud', 'Other-Investment-Fraud']"
"Hello 

I am reporting criminal acts,and  have been defrauded by a website and its managers operating in Grand Lance, called boostyflow.com. I have been extorted out of my personal money over $7700 CAD. This is a trading website, they persuade you to invest money with the help of a manager.In my case his name is: Eric Daniel( email address: Eric-daniel @boostyflow.com).I invested with him on my account in boostyflow, the amount of profit reached 36kUSD. 

I asked to take my money and  close the account, Eric agreed and he said the money had to be transferred to a crypto wallet at crypto.com, I opened up a wallet there.He then instructed me to do the transfers to crypto currency, I did that. Then he had an accomplice named Mike take over on the phone, then the money disappeared and did not show in my wallet.I suspect he had the money transferred to his personal wallet.I asked Eric to give me back my money, that I invested, he said it's in the crypto blockchain and I had to put in more money to cover the eth gas fees, another $5k from my personal account. I did not believe him. And that's the status as of now. I have supporting email chain from Eric and crypto.com to support my case.I can forward these as required. I would like crypto.com and Boostyflow investigated as I believe they are both fraudulent sites, and there must be many people getting scammed from these entities as I did. Any assistance would be greatly appreciated.Please let me know if there is anything else required.

Thankyou",en,Investment-fraud,Fraud,Investment-Fraud,Other-Investment-Fraud,Fraud/Investment-Fraud/Other-Investment-Fraud,"['Fraud', 'Investment-Fraud', 'Other-Investment-Fraud']"
"Hello,



I believe there is strong evidence that https://cryptopia-co.com is a scam / fraudster and phishing website.

They claim to be the original ""Cryptopia New Zealand"" crypto exchange platform that is currently in liquidation.

They steal login credentials and official identity documents Passport/ ID etc, with claiming them for veryfication process to reactivate the accounts of old clients rejoining the platform.

Then they demand 500usd from an external crypto wallet or platform to reactivate the account from its dormant state to be able to use the platform for withdrawals etc.",en,Investment-fraud,Fraud,Investment-Fraud,Other-Investment-Fraud,Fraud/Investment-Fraud/Other-Investment-Fraud,"['Fraud', 'Investment-Fraud', 'Other-Investment-Fraud']"
"Hello, I’ve been lured into investing into a cryptocurrency platform called Powersbi (https://www.powersbi.com/) that claims on their website: Unicorn cryptocurrency exchange is headquartered in Singapore. They don’t want to give me back the funds I invested and they ask for more money, for taxes, then a fee for the transfer and it keeps going.  Can you help me getting my funds back ? Thank you",en,Investment-fraud,Fraud,Investment-Fraud,Other-Investment-Fraud,Fraud/Investment-Fraud/Other-Investment-Fraud,"['Fraud', 'Investment-Fraud', 'Other-Investment-Fraud']"
"Hello.

I am writing in English because I can better explain situation. Long story short I have buy one online business for around 40.000 USD and pay via Bitcoins. I dont know if this is scam or legit business but I am concerned. The second one fraud was cryptocurrency investment where I have transfer 53.000 USD for investment in cryptocurrency trading business olso sent via BTC. I just want to know where can I report that becase it's really a lot of to talk about maybe I would need termin to create. I want to know if I need to go to some special department that is doing that kind of investigation or I need to report to police. That was my life savings for my 7 years here in Switzerland. So if there's some special department that is doing this investigation can you please point me in right direction?I have two probably scames that is going on me and I don't know what to do. I was writing to police these days they didn't reply me. I was even sceptical to go to the police becase I think that my cases are for international investigation and I am afraid that police will not do the work necessary to catch these two persons. I have send around 100.000 in BTC to these to potential scammers. I have a lot to talk about to right department and I dont know where to turn my head towards. I have a lot of stuff on email from the first business that I get involved into. I really need specialist to look into this. Can you help me somehow point me in right direction maybe you are those department that I need to talk to if so I need termin.

Thank you very much and have a nice day.

Martina Sulvojic",en,Investment-fraud,Fraud,Investment-Fraud,Other-Investment-Fraud,Fraud/Investment-Fraud/Other-Investment-Fraud,"['Fraud', 'Investment-Fraud', 'Other-Investment-Fraud']"
"Hi
I made an investment into a company called investeft registered in Switzerland and they are not allowing withdrawal from my fund at all and won't pay my money out",en,Investment-fraud,Fraud,Investment-Fraud,Other-Investment-Fraud,Fraud/Investment-Fraud/Other-Investment-Fraud,"['Fraud', 'Investment-Fraud', 'Other-Investment-Fraud']"
"Hi,

I have made an investment in the Ridge Pharmaceutical company. They are not allowing to  withdraw the money and again and again asking tax, transaction fee, late fees etc.  As per them company is registered in Switzerland and the address is 2Untere Bahnhofstrasse 75, Camorino, Switzerland. Could you kindly help me to get the investment.",en,Investment-fraud,Fraud,Investment-Fraud,Other-Investment-Fraud,Fraud/Investment-Fraud/Other-Investment-Fraud,"['Fraud', 'Investment-Fraud', 'Other-Investment-Fraud']"
"Hi. There were actually two fraudulent crypto platforms which were introduced to me. 1. awaves.top 2. dswt-coin.com. In total I have lost about 11.5k$ on both platforms combined. It started with women i met on tinder and we talked about stuff and at some point they (there were two separate women) introduced me to these platforms. It seemed like everything was going well until when the coins were suppose to go public, the platform started mentioning taxes 20% on the profits earned before you can actually start selling these coins. So I didn’t put any further money and now one of the platform is gone (awaves.top) and the other one seems to work on some days and not on some.",en,Investment-fraud,Fraud,Investment-Fraud,Pig-Butchering,Fraud/Investment-Fraud/Pig-Butchering,"['Fraud', 'Investment-Fraud', 'Pig-Butchering']"
"I am embarrassed to say that, over the last few months, I believe I have been the victim of a romance scam combined with a crypto investment scam. The app on my phone was called ZTE but is now called ZTAsia.
I have potentially lost a lot of money - about CHF 150k.
The crypto website address is below and I have been receiving and sending messages with these 2 phone numbers:
+852 6094 0492
+1 (510) 075 1839",en,Investment-fraud,Fraud,Investment-Fraud,Pig-Butchering,Fraud/Investment-Fraud/Pig-Butchering,"['Fraud', 'Investment-Fraud', 'Pig-Butchering']"
I have Invested in Final frontier specialist blockchain and crypto asset investment firm now they have freezed my account and asking to invest more to withdraw kindly help me in this regard,en,Investment-fraud,Fraud,Investment-Fraud,Other-Investment-Fraud,Fraud/Investment-Fraud/Other-Investment-Fraud,"['Fraud', 'Investment-Fraud', 'Other-Investment-Fraud']"
"I have been in business with a online company Called cryptospair.com.

I have invested funds with them and now is the time to payout the rewards.
They have since closed my account and are asking for more funds before a payout can be done. 
If the funds are not received soon  they will transfer  everything to the Ombudsman and all the funds will be lost. I can provide a lot more info including emails and text messages from the Reps If I could attach it. Email addresses most used are thomas.silverman@cryptos-pair.net and ""ben.Williams@cryptos-pair.net"" <ben.williams@cryptos-pair.net>


Kindly help",en,Investment-fraud,Fraud,Investment-Fraud,Other-Investment-Fraud,Fraud/Investment-Fraud/Other-Investment-Fraud,"['Fraud', 'Investment-Fraud', 'Other-Investment-Fraud']"
"I invested 250 USD in a trading platform called TPM finance, alledgedly based at Kriesbachstrasse 30, 8600 Dübendorf. I was contacted by an advisor by the name of Thomas Angelo, who proceeded to set up trades on my account. 

After a few weeks  the trading account showed a profit of about 100 USD. The advisor tried to get me to add more money into my account, which, luckily, I refused. When I tried to withdraw the profit, nothing happened. I tried several times to no avail. When I questioned the advisor about it, he became evasive and said he didn't know why it didn't work.

I have since found out via ChatGPT that this site is a scam. I realise that I should have done this before I invested money, my bad. In future I will be more careful.",en,Investment-fraud,Fraud,Investment-Fraud,Other-Investment-Fraud,Fraud/Investment-Fraud/Other-Investment-Fraud,"['Fraud', 'Investment-Fraud', 'Other-Investment-Fraud']"
"I registered an account on the website www.vestofx.net, which claims to be an online investment/trading platform. I did not make any payments, but I entered some basic personal details (name, phone number, email, and address).

Shortly after registering, I began receiving a very high number of spam calls from different Swiss phone numbers — around 20 calls per day. The calls usually ring for 5 seconds and then hang up, often coming in bursts of 5–7 calls in a row, then stopping for a few hours before starting again.

I am confident these calls are related to the VestoFX registration because this started immediately afterward. When I contacted them via chat to request deletion of my data, they insisted I send an email from my registered address with a reasoning — which I did not do, as I suspect the website is fraudulent.

The website claims to be operated by “Fairmont Financial Services (Pty) Ltd” in South Africa and “EVBX Ltd” in Cyprus (CIF licence 409/22). However, I found online warnings and a very low trust score indicating this may be a scam operation misusing regulatory names.

What I would like to report:

Possible investment scam website targeting Swiss users

Misuse of personal data leading to harassment calls

Possible use of auto-dialing systems with spoofed numbers

Example phone numbers that have called me:

+41 31 515 72 XX (endings 20, 21, 83, 86, 87, 90),

+41 31 515 73 XX (endings 24, 65),

+41 31 515 78 XX (endings 44, 94),

and others, calls usually come from slightly varying numbers.

Action I have taken:

Blocked the numbers

Stopped any contact with the website

Saved screenshots and call logs as evidence

Please investigate this website and, if possible, take measures to prevent further harassment and protect other users in Switzerland.

Thank you for your attention and support.",en,Investment-fraud,Fraud,Investment-Fraud,Other-Investment-Fraud,Fraud/Investment-Fraud/Other-Investment-Fraud,"['Fraud', 'Investment-Fraud', 'Other-Investment-Fraud']"
"I was introduced to the smart mining of etherum cryptocoins by pool staking. 

The pool was tided through the smart contract to my wallet account. 

At some point there was a reward information which in fact was hidden permission to transfer my founds from the wallet to the pool.


Then I was informed that to get back money and collect reward I should pay in more money.

I didn't do that but what was on the crypto wallet already was taken.

The scammers were using following phone numbers to navigate me through the smart contract process.

+49 174 4952110

+1 779 903 2485

Please flag the numbers and the page as dangerous . 

This is the scam scheme  described below:
https://www.coinbase.com/blog/security-psa-mining-pool-scams-targeting-self-custody-wallets",en,Investment-fraud,Fraud,Investment-Fraud,Other-Investment-Fraud,Fraud/Investment-Fraud/Other-Investment-Fraud,"['Fraud', 'Investment-Fraud', 'Other-Investment-Fraud']"
"My friend‘s trading account was frozen due to money laundering and the trading company, globhash.cc, demanded a penalty of USDT 20’000 to be paid in 7 days to release the funds. After the 20’000 were paid to two different cryptowallets, a new demand to pay a 10% transfer fee of the investment amount to release the funds.
I have a voice recording of the possible scammer and most likely a false tel nr that he communicated with me over WhatsApp: +31 6 192 185 94",en,Investment-fraud,Fraud,Investment-Fraud,Other-Investment-Fraud,Fraud/Investment-Fraud/Other-Investment-Fraud,"['Fraud', 'Investment-Fraud', 'Other-Investment-Fraud']"
"This number is calling me everyday and is being very pushy about an investment opportunity and does not take no for an answer. Somehow he managed to call at my work looking for me 

It is a Swiss number +41766668898",en,Investment-fraud,Fraud,Investment-Fraud,Other-Investment-Fraud,Fraud/Investment-Fraud/Other-Investment-Fraud,"['Fraud', 'Investment-Fraud', 'Other-Investment-Fraud']"
"When I invested in this company before, the company withheld my funds because I did not pay enough. Now after I paid off the money owed to this company, the company insisted they didn't receive it, even though I have transaction records on hand as proof",en,Investment-fraud,Fraud,Investment-Fraud,Other-Investment-Fraud,Fraud/Investment-Fraud/Other-Investment-Fraud,"['Fraud', 'Investment-Fraud', 'Other-Investment-Fraud']"
"https://bytesi.vip

My friend contacted me to ask if I want to invest in a platform that returns 3% on investment per day.

I realized she is being scammed by the ponzi scheme organization. I explained to her it's dangerous and not to invite more people.

These people seem to operate for the last couple of months intensively, and based on the stories it could be running for 2 years, but I think the stories could be misleading.

The schema is international.

Do you have some suggestions how to report this, maybe point me to the correct authorities for this matter?

Thanks!",en,Investment-fraud,Fraud,Investment-Fraud,Other-Investment-Fraud,Fraud/Investment-Fraud/Other-Investment-Fraud,"['Fraud', 'Investment-Fraud', 'Other-Investment-Fraud']"
"Having opened the SBB website I received a request to authorize Eur1043.00 for an online purchase in Austria.

Reported to visa and card cancelled",en,Phishing,Phishing,Other-Phishing,,Phishing/Other-Phishing,"['Phishing', 'Other-Phishing']"
"Hello
Today I received an sms (below) from DPD about delivery of a packet.
Indeed my wife ordered a bag per internet.
As we have some works in the house, they can not ring the bell.
DPD said nobody opened so they left with the goods as they need a signature for receipt normally.
So I clicked the link to follow process to ask them to come back.
I was asked to pay 2 CHF via Credit Card for them to come back.
It bugged a bit as it had to go through Google Pay and I didn’t have an account there…
I did it twice.
But nothing was confirmed.
Then I thought:
why did I receive this sms if it was my wife who bought the bag and let her phone nr not mine.
Is it a fraud or fishing?
Nothing was apparently paid from my Master Card Credit Card since but I am scared.

below the sms
received from phone nr
+63 912 921 2502
today 14:29

I clicked the link at 15:20-25 approx

Now 19:30 I blocked this Credit Card on UBS ON LINE despite no transactions done (for now) just by security 
(I copied sms in Chat GPT: it told me it is a phishing as DPD does not use « dpdi » web adress!)

***


Am 21. Oktober konnten wir Ihr DPD Paket leider nicht persönlich zustellen, da für diese Sendung eine Unterschrift bei der Übergabe erforderlich ist.

👉 Bitte vereinbaren Sie jetzt einen neuen Zustelltermin:
https://dpdi.click/ch/de

Sie haben folgende Möglichkeiten:
・Einen neuen Wunschtag oder Zeitfenster für die Zustellung wählen.
・Das Paket an eine DPD Abholstation oder einen Paketshop umleiten lassen.

So funktioniert’s:
Antworten Sie einfach mit «Y», schliessen Sie die SMS und öffnen Sie sie erneut – der Link wird automatisch aktiviert.
Falls der Link nicht funktioniert, kopieren Sie ihn bitte und fügen Sie ihn direkt in Safari oder Ihren bevorzugten Browser ein.

Wichtiger Hinweis:
・Ihr Paket wird bis zum 24. Oktober in unserem lokalen Lager aufbewahrt.
・Ohne neue Terminvereinbarung erfolgt danach eine Rücksendung an den Absender.
・Bitte stellen Sie sicher, dass Ihre Kontaktdaten für DPD-Lieferinformationen aktuell sind.",en,Phishing,Phishing,Parcel-Notification-Phishing,,Phishing/Parcel-Notification-Phishing,"['Phishing', 'Parcel-Notification-Phishing']"
"Hello - the message below was sent via Calendly posing as the ""Swiss Post Delivery Group"" Hi Post® CH, using email address - notifications@calendly.com

Your Pending Package: Resolve Shipping Tax Payment with Swiss Post® Delivery Group . at 10:35pm (Central European Time) on Sunday, August 24, 2025 is scheduled.

Zollabfertigungshinweis – Schweizerische Post



Sehr geehrte Kundin, sehr geehrter Kunde,

Wir freuen uns, Ihnen mitteilen zu dürfen, dass Ihre Sendung mit der Referenznummer CH98910419522704 im Bestimmungsland eingetroffen ist und für die abschließende Zollabfertigung vorbereitet wird.



Erforderliche Schritte zur Freigabe Ihrer Sendung
Für die zügige Bearbeitung und Freigabe Ihrer Sendung ist eine Gebühr von CHF 2,99 (umfassend Einfuhrsteuer und Bearbeitungskosten) zu entrichten.



💳 Sichere Online-Zahlung
Bitte tätigen Sie die Zahlung ausschließlich über unsere geschützte Online-Plattform. Wir möchten Sie darauf hinweisen, dass Barzahlungen oder Zahlungen per Scheck nicht akzeptiert werden können.



Wichtiger Hinweis
Wir bitten Sie, die Zahlung innerhalb von 24 Stunden zu veranlassen, um Verzögerungen im Zollprozess oder eine Rücksendung Ihrer Sendung an den Absender zu vermeiden.



Verfolgung Ihrer Sendung
Nach Eingang Ihrer Zahlung wird die Sendung unverzüglich verzollt und für die Weiterleitung an Sie vorbereitet. Den aktuellen Status Ihrer Sendung können Sie jederzeit über die Online-Sendungsverfolgung auf der Website der Schweizerischen Post einsehen.



Wir danken Ihnen für Ihr Vertrauen in die Schweizerische Post und stehen Ihnen für Rückfragen oder weitere Unterstützung jederzeit zur Verfügung.



Mit vorzüglicher Hochachtung,

Ihr Team der Schweizerischen Post

Kundenservice



_____________________________________



Avis de dédouanement – La Poste Suisse



Cher client,

Nous avons le plaisir de vous informer que votre envoi portant le numéro de référence CH98910419522704 est arrivé dans le pays de destination et est en cours de préparation pour le dédouanement final.



Démarches nécessaires pour la livraison de votre envoi
Des frais de 2,99 CHF (taxes d'importation et frais de manutention inclus) sont exigés pour le traitement et la livraison rapides de votre envoi.



💳 Paiement en ligne sécurisé
Veuillez effectuer vos paiements exclusivement via notre plateforme en ligne sécurisée. Veuillez noter que les paiements en espèces ou par chèque ne sont pas acceptés.



Avis important
Nous vous demandons d'effectuer votre paiement dans les 24 heures afin d'éviter tout retard lors des formalités douanières ou le retour de votre envoi à l'expéditeur.



Suivi de votre envoi
Dès réception de votre paiement, l'envoi sera immédiatement dédouané et préparé pour vous être expédié. Vous pouvez consulter l'état actuel de votre envoi à tout moment grâce au service de suivi en ligne sur le site web de La Poste Suisse.



Nous vous remercions de votre confiance et restons à votre disposition pour répondre à vos questions ou vous apporter une assistance complémentaire.



Cordialement,

L'équipe de la Poste

Service client",en,Phishing,Phishing,Parcel-Notification-Phishing,,Phishing/Parcel-Notification-Phishing,"['Phishing', 'Parcel-Notification-Phishing']"
"Here an example of phishing via Airtable

> Begin forwarded message:
> 
> From: ""Customs Department (via Airtable)"" 
> Subject: Payment Notification – Tracking Code FUCXVXU4O2ER607
> Date: 21 November 2025 at 12:19:07 GMT+1
> To: martindavid@proton.com
> 
> Customs Clearance - Action Required
> 
> 
> Dear Valued Customer,
> 
> 
> Your package is currently under customs inspection and requires payment of import tax.
> 
> 
> Following international customs legislation, this procedure is essential to continue with your shipment.
> 
> 
> To complete the process, access the link:
> 
> 
> 👉 Finalize Payment 
> 
> Once payment is validated, your merchandise will be cleared for delivery immediately.
> 
> 
> Non-compliance within 48 hours will lead to package return.
> 
> 
> Respectfully,
> 
> Import Management Office
> 
> Customs Department
> 
> Sent via Automations on 	 
> Unsubscribe 
> ©2025 Airtable",en,Phishing,Phishing,Parcel-Notification-Phishing,,Phishing/Parcel-Notification-Phishing,"['Phishing', 'Parcel-Notification-Phishing']"
"Here is the phone number that scammed me on tutti.ch and tried to steal my bank account info. She says her name is ""Ricardo"". +41 076 758 02 16 She sent me a fake link to click on so that I could insert my banking information.",en,Phishing,Phishing,Classified-Ad-Phishing,,Phishing/Classified-Ad-Phishing,"['Phishing', 'Classified-Ad-Phishing']"
"Hi, I received a message supposedly from Binance. A withdrawal code was requested. If this was not you, please contact us. Could you check whether there have been similar cases and whether you need any further information? When I called back, there was a person on the phone who did not give their name. They had a Middle Eastern or African accent and did not provide any further information. Please refer to the screenshot for further information.",en,Phishing,Phishing,Vishing,Callback-Scam,Phishing/Vishing/Callback-Scam,"['Phishing', 'Vishing', 'Callback-Scam']"
"I booked a house on Airbnb, managed by the American company AvantStays. I paid half in October, second half is due in January.
I got a WhatsApp message Thursday, Nov 27, asking me for confirmation of my credit card information, containing details of my reservation. I entered, but my card rejected the transaction, luckily.
I reached out to the company on Airbnb, and they told me they never contacted me.",en,Phishing,Phishing,Other-Phishing,,Phishing/Other-Phishing,"['Phishing', 'Other-Phishing']"
"I guess (I do not speak german) that it is a  notification from DPD that a parcel is blocked somewhere and that I need to connect on their web site to release it...
My notification is done only to help you getting numbers and facts about cybercrime attempts.
Kind regards.",en,Phishing,Phishing,Parcel-Notification-Phishing,,Phishing/Parcel-Notification-Phishing,"['Phishing', 'Parcel-Notification-Phishing']"
"I received a Whatsapp message from a Ricardo user through this number (+41 79 807 59 03) saying that she had purchased an item from me, but the payment won’t go through because my account isn’t verified yet. Then I got an email from kundendienst@ricardomail.ch  asking me to verify my account and that a customer support will be in touch with me to go through the verification process. Then I received a WhatsApp message from someone who pretended to be from Ricardo team (+41 32 539 11 57). She asked me to go through a verification process by responding to the Ricardo emails, and I eventually went to a website that required the verification. As part of the verification process I was asked to fund my account for 1,000 CHF. I declined to do this because it’s impossible to manage that transfer. Eventually I was asked to go through another verification process and ended up sending a picture of my Swiss permit card. Both numbers stopped responding and I also eventually got another email from Ricardo that this might be a potential fraud. I have since then asked Ricardo to look into it but I haven’t gotten a response yet. I’m worried that my identity is being used for fraudulent activities.",en,Phishing,Phishing,Classified-Ad-Phishing,,Phishing/Classified-Ad-Phishing,"['Phishing', 'Classified-Ad-Phishing']"
"I received a text message from the  number +63 912 199 94038.

I was told that I must pay a fine before 29. September 2025, otherwise I could lose my driver's license.

The link, which I did not click on is:
https://stadt-zuerichab.help/ch-de

To open the link, I am asked to answer 'Ja"" or to copy the link into my browser.",en,Phishing,Phishing,Other-Phishing,,Phishing/Other-Phishing,"['Phishing', 'Other-Phishing']"
"I received an email which impersonated a travel agent Voyage Privé. The scamners used email address ask@wantyourfeedback.com and guestsolutions@aol.com which appeared nickenamed as Voyage Prive. I contacted Voyage Prive since information looked suspicious. The agency confirmed it was a phishing attempt. The email requested to click a link to confirm a trip I recently booked with Voyage Prive. In addition, I also receiveda whatsapp message with a similar confirmation request from mobile phone number +1 (555) 779-5171 and named Sanskritam.",en,Phishing,Phishing,Other-Phishing,,Phishing/Other-Phishing,"['Phishing', 'Other-Phishing']"
"I received the following iMessage from +212 645 098745: Am 19. September haben wir versucht, Ihr DPD Paket zuzustellen. Leider konnten wir Sie persönlich nicht erreichen und das Paket benötigt eine Unterschrift bei der Übergabe. Deshalb konnte die Zustellung nicht abgeschlossen werden.
Bitte vereinbaren Sie jetzt einen neuen Zustelltermin.
Hier neuen Termin auswählen: 

https://mydpd.swissze.click/ch

Sie haben folgende Möglichkeiten:
・Einen neuen Wunschtag und/oder Wunschzeitraum für die Zustellung auswählen.
・Das Paket an eine DPD Abholstation umleiten lassen. 

Antworte einfach mit ‚Y‘, schließe die SMS und öffne sie neu – dann wird der Link aktiviert. Falls er nicht klappt, kopier den Link und füg ihn direkt in Safari ein

Wichtiger Hinweis:
・Ihr Paket wird in unserem lokalen Lager bis zum 21. September aufbewahrt.
・Sollte bis zu diesem Datum kein neuer Termin vereinbart werden, wird Ihre Sendung an den Absender zurückgeschickt.
・Stellen Sie sicher, dass Ihre Kontaktdaten für Lieferaktualisierungen über DPD aktuell sind.",en,Phishing,Phishing,Parcel-Notification-Phishing,,Phishing/Parcel-Notification-Phishing,"['Phishing', 'Parcel-Notification-Phishing']"
I want to report hat through the use dating apps individuals try to have you buy tickets of shows that do not actually exist through their made up website (which originally seems inoffensive). Please confirm if you have the same diagnosis.,en,Phishing,Phishing,Other-Phishing,,Phishing/Other-Phishing,"['Phishing', 'Other-Phishing']"
"It is claiming to be from DPD and that they attempted to deliver a package, but I was not home, and it is giving me a link to either schedule another delivery or to pick up the package (I think, my German is not the best, I did not want to use the autotranslate in case it accidentally accessed the link). I did not click on the link. The phone number the text is from is +63 999 537 6803.",en,Phishing,Phishing,Parcel-Notification-Phishing,,Phishing/Parcel-Notification-Phishing,"['Phishing', 'Parcel-Notification-Phishing']"
"Received text message to click on alleged DHL package tracking link however, upon verification on DHL website, this is not the right link, so I did not click as probably a fraud. The message I got is: ""Für Ihr Paket fallen Zollgebühren an. Bitte nutzen Sie folgenden Link, um diese zu bezahlen : https://ch-dhtracking.com DHL AG Schweiz""",en,Phishing,Phishing,Parcel-Notification-Phishing,,Phishing/Parcel-Notification-Phishing,"['Phishing', 'Parcel-Notification-Phishing']"
"Subject: Report of Attempted Fraudulent Phone Call

On November 3, 2025, at approximately 19:30, I received a phone call from the number 076 858 90 25. The caller, speaking French with an accent that appeared to be African, identified themselves as a representative of a bank.

The caller asked whether I was Mr. Bosch and inquired if I had initiated a CHF 500 transaction via TWINT. When I replied that I do not use TWINT, the caller further asked if I would like to cancel the transaction. I informed them that they could proceed as they wished and stated that I suspected the call to be fraudulent. I then terminated the call.

I respectfully request that the competent authorities investigate the aforementioned phone number and take the necessary measures to identify and hold the individual responsible accountable under the law. I remain at your disposal to provide any further information, either as a witness or as a potential victim of this attempted fraud.

Sincerely,
L. Rostov",en,Phishing,Phishing,Vishing,Other-Vishing,Phishing/Vishing/Other-Vishing,"['Phishing', 'Vishing', 'Other-Vishing']"
"The impersonator sent an email to with a link saying that my SBB payment information should be updated within next 24 hours or it would be cancelled.

Please find attached part of the email received",en,Phishing,Phishing,Other-Phishing,,Phishing/Other-Phishing,"['Phishing', 'Other-Phishing']"
"This is how it happened. I was selling my watch on facebook and a person named Anika was interested in it. Told me to talk on what’s app for easier interaction. Then after some discussions, she accepted the price I gave her and asked me if I had twint. Proceeded to say her maximum spending amount was at its limits and wanted to pay through a La poste site. That’s when she sent me the link that I put below. I clicked on the link but afterwards I had to click on « Accept the transaction » which I did not. The number she gave me is +41 77 252 50 11",en,Phishing,Phishing,Classified-Ad-Phishing,,Phishing/Classified-Ad-Phishing,"['Phishing', 'Classified-Ad-Phishing']"
"Two hotels in Lausanne area (https://hotelbeaulutry.ch and  https://futurapartments.com/en) had their reservations system hacked. Clients are asked to complete payments or reservation, using fake WhatsApp messages. Messages are impersonating the hotels, and are using correct personal information. Personal data exposed: Name, phone, home address, reservation are confirmed as exposed. Credit cards, residence permit and passport - possibly exposed.",en,Phishing,Phishing,Other-Phishing,,Phishing/Other-Phishing,"['Phishing', 'Other-Phishing']"
"booking.com scam

Whatsapp number of scammers: +1 (555) 776-2096

They want me to confirm my reservation and give my credit card information. They had all my details: name, dates of the holiday and booking reservation number.",en,Phishing,Phishing,Other-Phishing,,Phishing/Other-Phishing,"['Phishing', 'Other-Phishing']"
"A customer suffered a ransomware attack from the FOG threat actor 12.01 everything brought up directly from an immutable backup.

it is probably a leverage of CVE-2021-23455",en,Ransomware,Malware,Ransomware,,Malware/Ransomware,"['Malware', 'Ransomware']"
"All files on our Synology NAS (DS920+, approx. 4 TB) have been encrypted and renamed with a .deadbolt extension. A ransom note is displayed directly on the DSM login page demanding 0.03 BTC. Two-factor authentication was not enabled. The device was directly exposed to the internet via UPnP port forwarding. We have since disconnected it from the network. Is there any known decryptor available for this variant?",en,Ransomware,Malware,Ransomware,,Malware/Ransomware,"['Malware', 'Ransomware']"
"All the files on our QNAP NAS unit (approx 2 TB) have been encrypted as of 06 feb 2012 (.7z suffix added to every file).  There is a text file in each folder demanding transfer of bitcoin to decrypt.  (We will not do this.) 

There are four user accounts; two-factor authentication is set up for the two main users but we have realised it was not set up for the two additional family members.

Is there anything we can do to retrieve the data?",en,Ransomware,Malware,Ransomware,,Malware/Ransomware,"['Malware', 'Ransomware']"
"Astec Boat SA (Switzerland) was involved with a cyberattack on the 23th of Jun 2013 at 0050CET, targeting Astec internal shared network involving Blackout Ransomware. The ransomware attacked affected multiple IT systems, including servers hosting sensitive customer data, financial records, and employee information. The compromised systems processed critical business information. The cyberattack has been resolved and Astec Boat SA has returned to normal operations.",en,Ransomware,Malware,Ransomware,,Malware/Ransomware,"['Malware', 'Ransomware']"
"Dear Madam / Sir,
I have just tried to report this through the online form but an error occurred.

I am working in the Modal Assurance team (Risk Management / Security) of flammèche Cosmetics, based in Basel.
During last weekend (31st march / 1st April), 1 database of our Group hosted by Microsoft Azure and containing personal data of customers has been attacked.
The adversary then accessed our mailing system (Sendgrid) and sent an email to some approximately 2,700 of our colleagues, in several waves yesterday and today. The emails were to inform of the attack, and to threaten to sell the stolen data if the company did not pay 45 BTC in ransom. You can find the emails in attachment.
We have established a crisis management team comprising of our internal IT teams in Switzerland and Czech Republic, our IT partners IBM and Microsoft, our Modal Assurance team in Switzerland, our Legal team, our CFO and CEO.

The first elements that we have collected indicate that the attacker compromised one of our web servers via trojans and got access to all data stored there, including credentials such as connection strings to storage accounts where we store documents containing personal data of flammèche Cosmetics customers. We are also able to confirm that the data was indeed downloaded by the adversary and then deleted from the database (approximately 4 TB).
Initial elements seem to indicate that the adversary is located in Russia and has been accessing a server and database primarily dedicated to the operation of our Russia and other ex-Soviet commercial markets.
We have taken immediate measures to limit any further damage. However at this stage we are not able to confirm whether the adversary is still in our infrastructure or not. We are currently informing relevant data protection authorities.
Please note that the data stolen does not concern – as far as we can tell – any Swiss data subjects, as our Group does not run any commercial operations in Switzerland.

Thank you and best regards,
Daniel Ratliff",en,Ransomware,Malware,Ransomware,,Malware/Ransomware,"['Malware', 'Ransomware']"
"I have been a victim of this ransomeware, i realized all my jpg and other document files we encrypted on my qnap SS-839, my only chance i see is to pay in Bitcoin more than 1000chf to be able to get the files back (only maybe)! What do i need to do ? thanks, George",en,Ransomware,Malware,Ransomware,,Malware/Ransomware,"['Malware', 'Ransomware']"
"I have been a victim of this ransomeware, i realized all my jpg and other document files we encrypted on my qnap, my only chance i see is to pay in Bitcoin more than 1000chf to be able to get the files back (only maybe)! What do i need to do ? thanks, Luca",en,Ransomware,Malware,Ransomware,,Malware/Ransomware,"['Malware', 'Ransomware']"
"I've been a victim of a ransomeware attack and the damage caused was roughly 400chf. I ran a console command which infected my Device, deleted all my files and encrypted my harddrive. They called me on Telegram and made me send items worth lots of money to their account, or else they would leave my harddrive encrypted.",en,Ransomware,Malware,Ransomware,,Malware/Ransomware,"['Malware', 'Ransomware']"
"Our company website and associated file server were encrypted following what appears to be an exploitation of an unpatched vulnerability in our CMS (WordPress). All files have been renamed with a .LOCKED extension and a ransom note named READ_ME_NOW.txt was found in every directory. The attacker is demanding 1.2 BTC. We have taken the server offline. Hosting provider is Infomaniak, based in Geneva.",en,Ransomware,Malware,Ransomware,,Malware/Ransomware,"['Malware', 'Ransomware']"
"Our confluence server https://projects.gazpole.org suffered a hack most likely from https://projects.gazpole.org/browse/SERVER-12332, although we have not concluded our investigation.

From what wee see initially all files in the Server directory have been encrypted and are renamed with a .LOCK3D extension",en,Ransomware,Malware,Ransomware,,Malware/Ransomware,"['Malware', 'Ransomware']"
"Our production facility in Schaffhausen experienced a ransomware incident affecting our OT network. Several HMI workstations running Windows 7 were encrypted overnight. Production lines had to be stopped for 36 hours. The ransomware note references the LockBit group and demands payment in Monero. Our IT/OT segmentation was not properly enforced, which likely allowed lateral movement from the corporate network.",en,Ransomware,Malware,Ransomware,,Malware/Ransomware,"['Malware', 'Ransomware']"
"Subject: Cyber Attach concerning Ransomware (cyber incident impliquant un rançongiciel)
On January 12, 2020, the Local Chamber of Lengnau IT and communications systems have been hacked by a ransomware group, called Rhysida. The group hacked our servers located in Torino, Ticino, Switzerland and asked for payment (see attached files). At the same time, they threatened to share confidential material worldwide and compromise all our systems. Our IT team is now working together with an expert IT company (Counterhack)  to restore, clean, and put back on-line our servers; it may take several weeks to be back in full operation. I am writing using my personal email address (clarisham@stockpal.com) because our active directory, email,/data servers, have been compromised. Our ERP system (Microsoft Business Central) looks safe as it has been migrated in the cloud few months ago and we took further precautions after the attach. We remain at your disposal for any question. Clarissa hamberg, Local Chamber of Lengnau Director, Finance, IT & Facilities
+41 32 456 23 23",en,Ransomware,Malware,Ransomware,,Malware/Ransomware,"['Malware', 'Ransomware']"
"TDD recently became aware of an IT security incident that impacted certain TDD systems.  TDD started an investigation, retained leading experts, notified certain law enforcement and data protection authorities, and implemented measures to contain and assess the incident.  The incident has now been successfully contained.  

All of TDD key services and systems are up and running, all factories are operating, and the company continues to serve its customers.  The company also continues to restore any remaining impacted services and systems and is further enhancing the security of its systems.

TDD has determined that an unauthorized third-party accessed certain TDD systems, deployed a type of ransomware that is not self-propagating, and exfiltrated certain data.  The company is working to identify and analyze the nature and scope of affected data, and is further assessing its notification obligations.  TDD will communicate with affected parties where necessary, including, for example, specific customers and/or individuals where personally identifiable information was affected.",en,Ransomware,Malware,Ransomware,,Malware/Ransomware,"['Malware', 'Ransomware']"
"We are a manufacturing company based in canton Aargau. On the night of 4 April, the AKIRA ransomware group encrypted our file server and three workstations. In addition to encryption, we have confirmed data exfiltration: a directory listing of our stolen files has already appeared on the AKIRA leak site. We have engaged an external incident response firm and have notified our cyber insurance provider. Estimated recovery time is 2 weeks.",en,Ransomware,Malware,Ransomware,,Malware/Ransomware,"['Malware', 'Ransomware']"
"We are a medical practice in Geneva with approximately 3,200 patient records. On the morning of 14 March, staff could no longer access our patient management system. All files on the local server were encrypted with a .MEOW extension. A ransom demand of 2 BTC was left in a text file. We have contacted our software vendor and our data protection officer. We believe the attack vector was RDP exposed to the internet.",en,Ransomware,Malware,Ransomware,,Malware/Ransomware,"['Malware', 'Ransomware']"
We are a small accounting firm (8 employees) based in Zurich. Last Monday we noticed that several files on our shared drive had been renamed with a .ELBIE extension and could no longer be opened. We found a ransom note (HOW_TO_RESTORE.txt) on the desktop of one workstation demanding 0.5 BTC. We believe the initial access was via a phishing email opened by one of our employees three days earlier. Our IT provider has isolated the affected machine. No backup solution was in place.,en,Ransomware,Malware,Ransomware,,Malware/Ransomware,"['Malware', 'Ransomware']"
"We got hit by ransomware, we estimate ~3 windows servers is impacted including domain controller and database servers, we're investigating if backups are usable. We would like to ask for your support in handling the case. In your opinion, should we enter the mentioned website? Can you recognize (for example by the note) which group is that?",en,Ransomware,Malware,Ransomware,,Malware/Ransomware,"['Malware', 'Ransomware']"
"We got hit by ransomware, we estimate ~400 windows servers is impacted including domain controller and database servers, we're investigating if backups are usable. We would like to ask for your support in handling the case. In your opinion, should we enter the mentioned website? Can you recognize (for example by the note) which group is that?

Ransom note below:

Your network has been breached and all data were encrypted.
Personal data, financial reports and important documents are ready to disclose.

To decrypt all the data and to prevent exfiltrated files to be disclosed at 
http://hive4234234234234eag6c6tyc3xw7ez7iqy6wc34gd2nekazyd.onion/
you will need to purchase our decryption software.

Please contact our sales department at:

   http://hivecu424234234234tbqgdnkks64ucehqacge3dij3gyrrpdp57zoq3ooqd.onion/
  
      Login:    fs0s90df89sf
      Password: sdf89sdf890sdg890

To get an access to .onion websites download and install Tor Browser at:
   https://www.torproject.org/ (Tor Browser is not related to us)


Follow the guidelines below to avoid losing your data:

 - Do not modify, rename or delete *.key.yshh6 files. Your data will be 
   undecryptable.
 - Do not modify or rename encrypted files. You will lose them.
 - Do not report to the Police, FBI, etc. They don't care about your business.
   They simply won't allow you to pay. As a result you will lose everything.
 - Do not hire a recovery company. They can't decrypt without the key. 
   They also don't care about your business. They believe that they are 
   good negotiators, but it is not. They usually fail. So speak for yourself.
 - Do not reject to purchase. Exfiltrated files will be publicly disclosed.",en,Ransomware,Malware,Ransomware,,Malware/Ransomware,"['Malware', 'Ransomware']"
"We have discovered that our local infrastructure was totally wiped out at 02.32 yesterday (Wednesday the 13th of Aug. 2022.
VMware ESXi has been deleted from our 2 servers,
All Virtual machines are wiped out  (ESXi screen says ""No hypervisor found."") and local backup has been deleted too.
I found a txt file named Akira_README.txt in the Veeam backup target repository and the repository appears empty.",en,Ransomware,Malware,Ransomware,,Malware/Ransomware,"['Malware', 'Ransomware']"
"We were notified by our managed IT service provider that their infrastructure was compromised by ransomware last night. As a consequence, several of our systems that were remotely managed by them have also been encrypted. The threat actor appears to have used the provider's RMM tool (ConnectWise) to deploy the payload. We are currently unable to determine the full extent of affected systems. This appears to be a supply chain attack targeting multiple clients of the same provider.",en,Ransomware,Malware,Ransomware,,Malware/Ransomware,"['Malware', 'Ransomware']"
"Switzerland,  Monday, 16 February 2026, 10h30 and again 12h00. I receive a phone call from ""Charlie Bell"" (!!!!) of Microsoft. No phone number. Probably Swiss German, speaks no French but good English.

He informs me that my computer has been tampered with and he can help me solve the problem. I have to switch on my computer. I ask him to phone again later. He does so and I ask him to email the problem to me. He says that this was not possible and our conversation comes to an end.

End of story.",en,Fake-Support,Fraud,Fake-Support,Other-Fake-Support,Fraud/Fake-Support/Other-Fake-Support,"['Fraud', 'Fake-Support', 'Other-Fake-Support']"
"I don't have much time, so let's get straight to the point.

I want to make you an offer that you can refuse, but only once.

Here's what I have:

Your complete personal information: full name, date of birth, home address.

Your social security number and driver's license details.

All your email account login credentials, including this account.

Other login details and your private messages.

A multitude of files found on your devices.

Access to your bank accounts.

The details of your credit cards: number, expiry date, and cvv.

I have compiled this entire package into a single folder. I can and intend to do two things with it. It is up to you to decide which one:

I will send this entire package to darknet markets, where other criminals will buy it.

It is unknown how they will use this information. They may purchase something illegal in your name, or they may not, but you will definitely not like it.

Or you can buy it from me for a small fee of 600 usd.

Changing the entire package of documents and data is very expensive, very time-consuming, and unsafe.

I already know that you have just read this text. Do not try to ignore this.

I only accept payment in bitcoins at the exchange rate at the time of transfer.

Transfer money here: 1N42K1P3hMByPXevxqr79J1sPEbMHxKWcd

After payment, I will delete the folder containing your data, and you can continue living as before or, if you don't trust me, take your time changing all your data. It's more profitable for me if you pay me. It's easier and better for everyone.

This is a unique offer. Take advantage of it. I will wait for 1 day.",en,Fake-sextortion,Fraud,Fake-Sextortion,Other-Fake-Sextortion,Fraud/Fake-Sextortion/Other-Fake-Sextortion,"['Fraud', 'Fake-Sextortion', 'Other-Fake-Sextortion']"
The website scams people. Initially grew because of a fake elon musk tweet.,en,Investment-fraud,Fraud,Investment-Fraud,Other-Investment-Fraud,Fraud/Investment-Fraud/Other-Investment-Fraud,"['Fraud', 'Investment-Fraud', 'Other-Investment-Fraud']"
"I would like to report a phishing attempt.

Phone number: +49 15510 085907

Platform: WhatsApp

The sender contacted me with a suspicious message containing a link impersonating a legitimate service (Tripadvisor / Booking).

Phishing link:

https://tripadvisor.de-booking-invitation.link/PropertyRental-g6094219/en/543341515

The link appears to be fraudulent and designed to steal personal or financial information.

I was asked to make a bank transfer to:

NAME: Maria Encarnacion Sanchez Perez

IBAN: ES64 2100 6449 1602 0019 5464

BIC: CAIXESBBXXX

BANK: CAIXABANK, S.A.

ADDRESS: DIAGONAL 621 8028 BARCELONA. SPAIN


I received this message via WhatsApp.

Please investigate and take appropriate action.",en,Phishing,Phishing,Other-Phishing,,Phishing/Other-Phishing,"['Phishing', 'Other-Phishing']"
"Hi there

Our customer ""Plareau SA"" in Bienne had a Ransomware Attack and every server is encrypted. See the note below. This is the first Information, we're now getting into research and analysis of the attack.",en,Ransomware,Malware,Ransomware,,Malware/Ransomware,"['Malware', 'Ransomware']"
